id,station_name,lat,lon,station_link,download_link,measuring_point_height
IE_EA_G_0002_1400_0007,DUFFYS CROSSROADS,53.388480456925734,-6.999917730110113,https://epawebapp.epa.ie/Hydronet/#IE_EA_G_0002_1400_0007,https://epawebapp.epa.ie/Hydronet/output/internet/stations/ATH/IE_EA_G_0002_1400_0007/GWL/complete_daymean.zip,88.05
IE_EA_G_0002_2300_0003,DUNSHAUGHLIN PW6,53.520011401312274,-6.561032501321939,https://epawebapp.epa.ie/Hydronet/#IE_EA_G_0002_2300_0003,https://epawebapp.epa.ie/Hydronet/output/internet/stations/ATH/IE_EA_G_0002_2300_0003/GWL/complete_daymean.zip,106.24
IE_EA_G_0008_1400_0003,Allen,53.23303384954966,-6.801401391455448,https://epawebapp.epa.ie/Hydronet/#IE_EA_G_0008_1400_0003,https://epawebapp.epa.ie/Hydronet/output/internet/stations/DUB/IE_EA_G_0008_1400_0003/GWL/complete_daymean.zip,86.15
IE_EA_G_0008_1400_0021,RW1 - DEEP,53.39745699023703,-6.556632537076489,https://epawebapp.epa.ie/Hydronet/#IE_EA_G_0008_1400_0021,https://epawebapp.epa.ie/Hydronet/output/internet/stations/DUB/IE_EA_G_0008_1400_0021/GWL/complete_daymean.zip,60.78
IE_EA_G_0008_1400_0022,RW1 - SHALLOW,53.39745699023703,-6.556632537076489,https://epawebapp.epa.ie/Hydronet/#IE_EA_G_0008_1400_0022,https://epawebapp.epa.ie/Hydronet/output/internet/stations/DUB/IE_EA_G_0008_1400_0022/GWL/complete_daymean.zip,60.824
IE_EA_G_0008_1400_0023,RW1 - Transition,53.39745699023703,-6.556632537076489,https://epawebapp.epa.ie/Hydronet/#IE_EA_G_0008_1400_0023,https://epawebapp.epa.ie/Hydronet/output/internet/stations/DUB/IE_EA_G_0008_1400_0023/GWL/complete_daymean.zip,60.916
IE_EA_G_0008_2300_0028,RW3 - SHALLOW,53.38976727840683,-6.574750094731468,https://epawebapp.epa.ie/Hydronet/#IE_EA_G_0008_2300_0028,https://epawebapp.epa.ie/Hydronet/output/internet/stations/DUB/IE_EA_G_0008_2300_0028/GWL/complete_daymean.zip,46.766
IE_EA_G_0008_2300_0029,RW3 - TRANSITION,53.38976727840683,-6.574750094731468,https://epawebapp.epa.ie/Hydronet/#IE_EA_G_0008_2300_0029,https://epawebapp.epa.ie/Hydronet/output/internet/stations/DUB/IE_EA_G_0008_2300_0029/GWL/complete_daymean.zip,47.069
IE_EA_G_0008_2300_0030,RW3 - SUBSOIL,53.38976727840683,-6.574750094731468,https://epawebapp.epa.ie/Hydronet/#IE_EA_G_0008_2300_0030,https://epawebapp.epa.ie/Hydronet/output/internet/stations/DUB/IE_EA_G_0008_2300_0030/GWL/complete_daymean.zip,47.124
IE_EA_G_0010_2300_0012,Mattock MK1 Deep,53.76219452329356,-6.457045268424562,https://epawebapp.epa.ie/Hydronet/#IE_EA_G_0010_2300_0012,https://epawebapp.epa.ie/Hydronet/output/internet/stations/MON/IE_EA_G_0010_2300_0012/GWL/complete_daymean.zip,114.288
IE_EA_G_0010_2300_0013,Mattock MK1 Shallow,53.76219452329356,-6.457045268424562,https://epawebapp.epa.ie/Hydronet/#IE_EA_G_0010_2300_0013,https://epawebapp.epa.ie/Hydronet/output/internet/stations/MON/IE_EA_G_0010_2300_0013/GWL/complete_daymean.zip,114.31
IE_EA_G_0010_2300_0014,Mattock MK1 Subsoil,53.76219452329356,-6.457045268424562,https://epawebapp.epa.ie/Hydronet/#IE_EA_G_0010_2300_0014,https://epawebapp.epa.ie/Hydronet/output/internet/stations/MON/IE_EA_G_0010_2300_0014/GWL/complete_daymean.zip,114.435
IE_EA_G_0014_0900_0002,BOG OF THE RING  HR2D,53.56604352385308,-6.209645783803135,https://epawebapp.epa.ie/Hydronet/#IE_EA_G_0014_0900_0002,https://epawebapp.epa.ie/Hydronet/output/internet/stations/DUB/IE_EA_G_0014_0900_0002/GWL/complete_daymean.zip,38.32
IE_EA_G_0014_0900_0004,BOG OF THE RING OW2D,53.5793949725772,-6.225207549659735,https://epawebapp.epa.ie/Hydronet/#IE_EA_G_0014_0900_0004,https://epawebapp.epa.ie/Hydronet/output/internet/stations/DUB/IE_EA_G_0014_0900_0004/GWL/complete_daymean.zip,35.08
IE_EA_G_0016_2300_0008,KILTROUGH TOWER,53.692747828388725,-6.315155751434764,https://epawebapp.epa.ie/Hydronet/#IE_EA_G_0016_2300_0008,https://epawebapp.epa.ie/Hydronet/output/internet/stations/DUB/IE_EA_G_0016_2300_0008/GWL/complete_daymean.zip,28.181
IE_EA_G_0043_0900_0006,BOG OF THE RING OW3D,53.57876566756855,-6.209515706963767,https://epawebapp.epa.ie/Hydronet/#IE_EA_G_0043_0900_0006,https://epawebapp.epa.ie/Hydronet/output/internet/stations/DUB/IE_EA_G_0043_0900_0006/GWL/complete_daymean.zip,34.97
IE_EA_G_0043_0900_0007,BOG OF THE RING OW3S,53.57876566756855,-6.209515706963767,https://epawebapp.epa.ie/Hydronet/#IE_EA_G_0043_0900_0007,https://epawebapp.epa.ie/Hydronet/output/internet/stations/DUB/IE_EA_G_0043_0900_0007/GWL/complete_daymean.zip,34.97
IE_EA_G_0076_3400_0005,DRUIDS GLEN  GWL,53.09675242594797,-6.078794205472886,https://epawebapp.epa.ie/Hydronet/#IE_EA_G_0076_3400_0005,https://epawebapp.epa.ie/Hydronet/output/internet/stations/DUB/IE_EA_G_0076_3400_0005/GWL/complete_daymean.zip,45.645
IE_EA_G_0076_3400_0008,KILCOOLE GWL,53.099278032379694,-6.070484532934888,https://epawebapp.epa.ie/Hydronet/#IE_EA_G_0076_3400_0008,https://epawebapp.epa.ie/Hydronet/output/internet/stations/DUB/IE_EA_G_0076_3400_0008/GWL/complete_daymean.zip,25.102
IE_NB_G_0014_2400_0003,DRUMCOOFOSTER,54.30637520153626,-7.108201079123522,https://epawebapp.epa.ie/Hydronet/#IE_NB_G_0014_2400_0003,https://epawebapp.epa.ie/Hydronet/output/internet/stations/MON/IE_NB_G_0014_2400_0003/GWL/complete_daymean.zip,135.564
IE_NB_G_0014_2400_0004,KNOCKLAUN,54.30985358542974,-7.092761929293172,https://epawebapp.epa.ie/Hydronet/#IE_NB_G_0014_2400_0004,https://epawebapp.epa.ie/Hydronet/output/internet/stations/MON/IE_NB_G_0014_2400_0004/GWL/complete_daymean.zip,131.503
IE_NB_G_0014_2400_0009,TONYSTACKAN (CLERKINS),54.31625589240731,-7.107987323943243,https://epawebapp.epa.ie/Hydronet/#IE_NB_G_0014_2400_0009,https://epawebapp.epa.ie/Hydronet/output/internet/stations/MON/IE_NB_G_0014_2400_0009/GWL/complete_daymean.zip,167.183
IE_NB_G_0014_2400_0011,TYDAVNET GWS,54.311809965351934,-7.114229373071191,https://epawebapp.epa.ie/Hydronet/#IE_NB_G_0014_2400_0011,https://epawebapp.epa.ie/Hydronet/output/internet/stations/MON/IE_NB_G_0014_2400_0011/GWL/complete_daymean.zip,147.816
IE_NB_G_0015_2100_0007,MUCHGRANGE FENCE,54.00786770452712,-6.1444902065948925,https://epawebapp.epa.ie/Hydronet/#IE_NB_G_0015_2100_0007,https://epawebapp.epa.ie/Hydronet/output/internet/stations/MON/IE_NB_G_0015_2100_0007/GWL/complete_daymean.zip,24.366
IE_NW_G_0031_0200_0001,BAWN BOY WORKHOUSE,54.1205730886995,-7.67346849426407,https://epawebapp.epa.ie/Hydronet/#IE_NW_G_0031_0200_0001,https://epawebapp.epa.ie/Hydronet/output/internet/stations/MON/IE_NW_G_0031_0200_0001/GWL/complete_daymean.zip,67.344
IE_NW_G_0031_0200_0003,CLINTYGRIGNEY MORTONS,54.071579461647325,-7.592588850018774,https://epawebapp.epa.ie/Hydronet/#IE_NW_G_0031_0200_0003,https://epawebapp.epa.ie/Hydronet/output/internet/stations/MON/IE_NW_G_0031_0200_0003/GWL/complete_daymean.zip,74.615
IE_NW_G_0051_0600_0007,GO1 Deep,55.00431124777845,-7.442798464303358,https://epawebapp.epa.ie/Hydronet/#IE_NW_G_0051_0600_0007,https://epawebapp.epa.ie/Hydronet/output/internet/stations/MON/IE_NW_G_0051_0600_0007/GWL/complete_daymean.zip,176.275
IE_NW_G_0051_0600_0008,GO1 Shallow,55.00434681802317,-7.442719831836078,https://epawebapp.epa.ie/Hydronet/#IE_NW_G_0051_0600_0008,https://epawebapp.epa.ie/Hydronet/output/internet/stations/MON/IE_NW_G_0051_0600_0008/GWL/complete_daymean.zip,175.903
IE_NW_G_0051_0600_0009,GO1 Transition,55.00438231658815,-7.442625572387429,https://epawebapp.epa.ie/Hydronet/#IE_NW_G_0051_0600_0009,https://epawebapp.epa.ie/Hydronet/output/internet/stations/MON/IE_NW_G_0051_0600_0009/GWL/complete_daymean.zip,176.191
IE_NW_G_0051_0600_0013,GO2 Transition,55.000112750802224,-7.440059603663588,https://epawebapp.epa.ie/Hydronet/#IE_NW_G_0051_0600_0013,https://epawebapp.epa.ie/Hydronet/output/internet/stations/MON/IE_NW_G_0051_0600_0013/GWL/complete_daymean.zip,90.314
IE_NW_G_0063_2400_0005,MAGHERARNEY GWL,54.212103796187634,-7.116365067849001,https://epawebapp.epa.ie/Hydronet/#IE_NW_G_0063_2400_0005,https://epawebapp.epa.ie/Hydronet/output/internet/stations/MON/IE_NW_G_0063_2400_0005/GWL/complete_daymean.zip,57.146
IE_SE_G_0021_1500_0017,RATHDUFF,52.53926116405414,-7.2541606845719615,https://epawebapp.epa.ie/Hydronet/#IE_SE_G_0021_1500_0017,https://epawebapp.epa.ie/Hydronet/output/internet/stations/KIK/IE_SE_G_0021_1500_0017/GWL/complete_daymean.zip,44.592
IE_SE_G_0038_1500_0016,PUB IN PIKE,52.64227094210575,-7.191043755545572,https://epawebapp.epa.ie/Hydronet/#IE_SE_G_0038_1500_0016,https://epawebapp.epa.ie/Hydronet/output/internet/stations/KIK/IE_SE_G_0038_1500_0016/GWL/complete_daymean.zip,65.542
IE_SE_G_0040_3700_0006,LAFFANSBRIDGE,52.572900466926406,-7.718681718647581,https://epawebapp.epa.ie/Hydronet/#IE_SE_G_0040_3700_0006,https://epawebapp.epa.ie/Hydronet/output/internet/stations/KIK/IE_SE_G_0040_3700_0006/GWL/complete_daymean.zip,119.106
IE_SE_G_0064_3300_0008,MAYGLASS,52.245676377961665,-6.535426958748938,https://epawebapp.epa.ie/Hydronet/#IE_SE_G_0064_3300_0008,https://epawebapp.epa.ie/Hydronet/output/internet/stations/KIK/IE_SE_G_0064_3300_0008/GWL/complete_daymean.zip,14.046
IE_SE_G_0064_3300_0011,SAN ANTONE HOUSE (B&B),52.26070901040732,-6.458944587886305,https://epawebapp.epa.ie/Hydronet/#IE_SE_G_0064_3300_0011,https://epawebapp.epa.ie/Hydronet/output/internet/stations/KIK/IE_SE_G_0064_3300_0011/GWL/complete_daymean.zip,4.77
IE_SE_G_0083_1500_0013,OLDTOWN,52.64235401824209,-7.426963598985074,https://epawebapp.epa.ie/Hydronet/#IE_SE_G_0083_1500_0013,https://epawebapp.epa.ie/Hydronet/output/internet/stations/KIK/IE_SE_G_0083_1500_0013/GWL/complete_daymean.zip,115.996
IE_SE_G_0106_1400_0012,MB 30,53.16433820500941,-6.878944371472822,https://epawebapp.epa.ie/Hydronet/#IE_SE_G_0106_1400_0012,https://epawebapp.epa.ie/Hydronet/output/internet/stations/DUB/IE_SE_G_0106_1400_0012/GWL/complete_daymean.zip,97.609
IE_SE_G_0133_1400_0002,BALLYSAX,53.14223821591584,-6.801077222816378,https://epawebapp.epa.ie/Hydronet/#IE_SE_G_0133_1400_0002,https://epawebapp.epa.ie/Hydronet/output/internet/stations/DUB/IE_SE_G_0133_1400_0002/GWL/complete_daymean.zip,110.07
IE_SE_G_0133_1400_0004,BROWNSTOWN,53.13583460159088,-6.825745796870971,https://epawebapp.epa.ie/Hydronet/#IE_SE_G_0133_1400_0004,https://epawebapp.epa.ie/Hydronet/output/internet/stations/DUB/IE_SE_G_0133_1400_0004/GWL/complete_daymean.zip,103.98
IE_SE_G_0133_1400_0011,MB 29,53.16416540625662,-6.8787245975519635,https://epawebapp.epa.ie/Hydronet/#IE_SE_G_0133_1400_0011,https://epawebapp.epa.ie/Hydronet/output/internet/stations/DUB/IE_SE_G_0133_1400_0011/GWL/complete_daymean.zip,97.58
IE_SE_G_0133_1400_0019,TULLY,53.14402833258258,-6.901860985919049,https://epawebapp.epa.ie/Hydronet/#IE_SE_G_0133_1400_0019,https://epawebapp.epa.ie/Hydronet/output/internet/stations/DUB/IE_SE_G_0133_1400_0019/GWL/complete_daymean.zip,86.338
IE_SE_G_0135_1500_0012,KNOCKTOPHER,52.472792283888374,-7.218931832753231,https://epawebapp.epa.ie/Hydronet/#IE_SE_G_0135_1500_0012,https://epawebapp.epa.ie/Hydronet/output/internet/stations/KIK/IE_SE_G_0135_1500_0012/GWL/complete_daymean.zip,59.185
IE_SE_G_0149_1500_0018,SLIEVEROE BH1,52.26319890930917,-7.0745709451644965,https://epawebapp.epa.ie/Hydronet/#IE_SE_G_0149_1500_0018,https://epawebapp.epa.ie/Hydronet/output/internet/stations/KIK/IE_SE_G_0149_1500_0018/GWL/complete_daymean.zip,20.227
IE_SE_G_0153_1600_0014,VICKERSTOWN,53.050519501947306,-7.087618110721287,https://epawebapp.epa.ie/Hydronet/#IE_SE_G_0153_1600_0014,https://epawebapp.epa.ie/Hydronet/output/internet/stations/DUB/IE_SE_G_0153_1600_0014/GWL/complete_daymean.zip,65.044
IE_SE_G_0156_1500_0005,BORRISMORE CREEK,52.70384246446532,-7.508950050133806,https://epawebapp.epa.ie/Hydronet/#IE_SE_G_0156_1500_0005,https://epawebapp.epa.ie/Hydronet/output/internet/stations/KIK/IE_SE_G_0156_1500_0005/GWL/complete_daymean.zip,147.34
IE_SE_G_0156_1500_0020,NU1 Deep,52.72480245902755,-7.477891285836293,https://epawebapp.epa.ie/Hydronet/#IE_SE_G_0156_1500_0020,https://epawebapp.epa.ie/Hydronet/output/internet/stations/KIK/IE_SE_G_0156_1500_0020/GWL/complete_daymean.zip,141.64
IE_SE_G_0156_1500_0021,NU1 Transition,52.72480245902755,-7.477891285836293,https://epawebapp.epa.ie/Hydronet/#IE_SE_G_0156_1500_0021,https://epawebapp.epa.ie/Hydronet/output/internet/stations/KIK/IE_SE_G_0156_1500_0021/GWL/complete_daymean.zip,141.945
IE_SE_G_0159_1500_0011,KILMAGANNY,52.47626560846005,-7.327302908582097,https://epawebapp.epa.ie/Hydronet/#IE_SE_G_0159_1500_0011,https://epawebapp.epa.ie/Hydronet/output/internet/stations/KIK/IE_SE_G_0159_1500_0011/GWL/complete_daymean.zip,69.967
IE_SE_G_0160_0100_0004,LANDFILL SITE,52.7666271830127,-6.954940958538074,https://epawebapp.epa.ie/Hydronet/#IE_SE_G_0160_0100_0004,https://epawebapp.epa.ie/Hydronet/output/internet/stations/KIK/IE_SE_G_0160_0100_0004/GWL/complete_daymean.zip,46.778
IE_SE_G_0163_1500_0002,BALLYRAGGET GLANBIA,52.793376448984866,-7.347627899709342,https://epawebapp.epa.ie/Hydronet/#IE_SE_G_0163_1500_0002,https://epawebapp.epa.ie/Hydronet/output/internet/stations/KIK/IE_SE_G_0163_1500_0002/GWL/complete_daymean.zip,66.192
IE_SH_G_0039_2500_0001,CLBH9 Deep,53.31642667361012,-7.657378899016585,https://epawebapp.epa.ie/Hydronet/#IE_SH_G_0039_2500_0001,https://epawebapp.epa.ie/Hydronet/output/internet/stations/ATH/IE_SH_G_0039_2500_0001/GWL/complete_daymean.zip,57.73
IE_SH_G_0039_2500_0002,CLBH5 Deep,53.31712400671688,-7.640928276931683,https://epawebapp.epa.ie/Hydronet/#IE_SH_G_0039_2500_0002,https://epawebapp.epa.ie/Hydronet/output/internet/stations/ATH/IE_SH_G_0039_2500_0002/GWL/complete_daymean.zip,57.73
IE_SH_G_0048_2600_0001,AGHADRESTAN,53.84425432257923,-8.576746951321589,https://epawebapp.epa.ie/Hydronet/#IE_SH_G_0048_2600_0001,https://epawebapp.epa.ie/Hydronet/output/internet/stations/MON/IE_SH_G_0048_2600_0001/GWL/complete_daymean.zip,83.924
IE_SH_G_0048_2600_0008,CLOONAMAGAUNNA,53.906174355667986,-8.494068659831678,https://epawebapp.epa.ie/Hydronet/#IE_SH_G_0048_2600_0008,https://epawebapp.epa.ie/Hydronet/output/internet/stations/MON/IE_SH_G_0048_2600_0008/GWL/complete_daymean.zip,70.985
IE_SH_G_0091_2600_0005,ROSCOMMON GOLF CLUB,53.607659600606546,-8.17982153025799,https://epawebapp.epa.ie/Hydronet/#IE_SH_G_0091_2600_0005,https://epawebapp.epa.ie/Hydronet/output/internet/stations/ATH/IE_SH_G_0091_2600_0005/GWL/complete_daymean.zip,50.303
IE_SH_G_0225_2600_0016,TURROCK,53.49530575813616,-8.207748838431021,https://epawebapp.epa.ie/Hydronet/#IE_SH_G_0225_2600_0016,https://epawebapp.epa.ie/Hydronet/output/internet/stations/ATH/IE_SH_G_0225_2600_0016/GWL/complete_daymean.zip,70.309
IE_SH_G_0252_3600_0018,MORGANS,52.61212984968406,-9.047237378990506,https://epawebapp.epa.ie/Hydronet/#IE_SH_G_0252_3600_0018,https://epawebapp.epa.ie/Hydronet/output/internet/stations/COR/IE_SH_G_0252_3600_0018/GWL/complete_daymean.zip,6.195
IE_SW_G_0004_0500_0029,DR1 Shallow Upper Site,51.98237554594775,-8.759034394695385,https://epawebapp.epa.ie/Hydronet/#IE_SW_G_0004_0500_0029,https://epawebapp.epa.ie/Hydronet/output/internet/stations/COR/IE_SW_G_0004_0500_0029/GWL/complete_daymean.zip,193.062
IE_SW_G_0004_0500_0030,DR1 Intermediate Upper Site,51.98237554594775,-8.759034394695385,https://epawebapp.epa.ie/Hydronet/#IE_SW_G_0004_0500_0030,https://epawebapp.epa.ie/Hydronet/output/internet/stations/COR/IE_SW_G_0004_0500_0030/GWL/complete_daymean.zip,193.062
IE_SW_G_0004_0500_0031,DR1 Deep Upper Site,51.98237554594775,-8.759034394695385,https://epawebapp.epa.ie/Hydronet/#IE_SW_G_0004_0500_0031,https://epawebapp.epa.ie/Hydronet/output/internet/stations/COR/IE_SW_G_0004_0500_0031/GWL/complete_daymean.zip,193.0
IE_SW_G_0004_0500_0032,DR2 Shallow,51.9831889964069,-8.758320385815864,https://epawebapp.epa.ie/Hydronet/#IE_SW_G_0004_0500_0032,https://epawebapp.epa.ie/Hydronet/output/internet/stations/COR/IE_SW_G_0004_0500_0032/GWL/complete_daymean.zip,188.107
IE_SW_G_0004_0500_0033,DR2 Transition,51.9831889964069,-8.758320385815864,https://epawebapp.epa.ie/Hydronet/#IE_SW_G_0004_0500_0033,https://epawebapp.epa.ie/Hydronet/output/internet/stations/COR/IE_SW_G_0004_0500_0033/GWL/complete_daymean.zip,188.916
IE_SW_G_0004_0500_0034,DR2 Deep,51.9831889964069,-8.758320385815864,https://epawebapp.epa.ie/Hydronet/#IE_SW_G_0004_0500_0034,https://epawebapp.epa.ie/Hydronet/output/internet/stations/COR/IE_SW_G_0004_0500_0034/GWL/complete_daymean.zip,188.111
IE_SW_G_0004_0500_0035,DR3 Shallow Lower Site,51.984083876742055,-8.758917704112246,https://epawebapp.epa.ie/Hydronet/#IE_SW_G_0004_0500_0035,https://epawebapp.epa.ie/Hydronet/output/internet/stations/COR/IE_SW_G_0004_0500_0035/GWL/complete_daymean.zip,179.342
IE_SW_G_0004_0500_0036,DR3 Transition Lower Site,51.984083876742055,-8.758917704112246,https://epawebapp.epa.ie/Hydronet/#IE_SW_G_0004_0500_0036,https://epawebapp.epa.ie/Hydronet/output/internet/stations/COR/IE_SW_G_0004_0500_0036/GWL/complete_daymean.zip,179.44
IE_SW_G_0004_0500_0037,DR3 Deep Lower Site,51.984083876742055,-8.758917704112246,https://epawebapp.epa.ie/Hydronet/#IE_SW_G_0004_0500_0037,https://epawebapp.epa.ie/Hydronet/output/internet/stations/COR/IE_SW_G_0004_0500_0037/GWL/complete_daymean.zip,179.3
IE_SW_G_0004_0500_0038,DR3 Subsoil Lower Site,51.984083876742055,-8.758917704112246,https://epawebapp.epa.ie/Hydronet/#IE_SW_G_0004_0500_0038,https://epawebapp.epa.ie/Hydronet/output/internet/stations/COR/IE_SW_G_0004_0500_0038/GWL/complete_daymean.zip,179.3
IE_SW_G_0048_1300_0007,FBH9 - FLESK,52.05305376812681,-9.473421635632572,https://epawebapp.epa.ie/Hydronet/#IE_SW_G_0048_1300_0007,https://epawebapp.epa.ie/Hydronet/output/internet/stations/COR/IE_SW_G_0048_1300_0007/GWL/complete_daymean.zip,35.871
IE_SW_G_0070_0500_0025,TAUR GROUP SCHEME,52.231623192682676,-9.119436789159614,https://epawebapp.epa.ie/Hydronet/#IE_SW_G_0070_0500_0025,https://epawebapp.epa.ie/Hydronet/output/internet/stations/COR/IE_SW_G_0070_0500_0025/GWL/complete_daymean.zip,274.125
IE_WE_G_0002_1200_0013,KILLINY,53.09687017002279,-8.912847722420777,https://epawebapp.epa.ie/Hydronet/#IE_WE_G_0002_1200_0013,https://epawebapp.epa.ie/Hydronet/output/internet/stations/COR/IE_WE_G_0002_1200_0013/GWL/complete_daymean.zip,22.529
IE_WE_G_0006_1200_0025,NV2 Shallow,53.4404562444168,-9.354922259279844,https://epawebapp.epa.ie/Hydronet/#IE_WE_G_0006_1200_0025,https://epawebapp.epa.ie/Hydronet/output/internet/stations/CAS/IE_WE_G_0006_1200_0025/GWL/complete_daymean.zip,72.891
IE_WE_G_0006_1200_0026,NV2 Transition,53.44041355040543,-9.354725262561722,https://epawebapp.epa.ie/Hydronet/#IE_WE_G_0006_1200_0026,https://epawebapp.epa.ie/Hydronet/output/internet/stations/CAS/IE_WE_G_0006_1200_0026/GWL/complete_daymean.zip,72.791
IE_WE_G_0006_1200_0027,NV2 Deep,53.440412526910336,-9.354815524761023,https://epawebapp.epa.ie/Hydronet/#IE_WE_G_0006_1200_0027,https://epawebapp.epa.ie/Hydronet/output/internet/stations/CAS/IE_WE_G_0006_1200_0027/GWL/complete_daymean.zip,72.951
IE_WE_G_0006_1200_0028,NV3 Shallow,53.438244662468,-9.349464603259044,https://epawebapp.epa.ie/Hydronet/#IE_WE_G_0006_1200_0028,https://epawebapp.epa.ie/Hydronet/output/internet/stations/CAS/IE_WE_G_0006_1200_0028/GWL/complete_daymean.zip,53.636
IE_WE_G_0006_1200_0029,NV3 Transition,53.43846854174351,-9.34953188928455,https://epawebapp.epa.ie/Hydronet/#IE_WE_G_0006_1200_0029,https://epawebapp.epa.ie/Hydronet/output/internet/stations/CAS/IE_WE_G_0006_1200_0029/GWL/complete_daymean.zip,54.061
IE_WE_G_0006_1200_0030,NV3 Deep,53.438325843502184,-9.349437078239879,https://epawebapp.epa.ie/Hydronet/#IE_WE_G_0006_1200_0030,https://epawebapp.epa.ie/Hydronet/output/internet/stations/CAS/IE_WE_G_0006_1200_0030/GWL/complete_daymean.zip,53.374
IE_WE_G_0008_1200_0001,Athenry,53.291898189042584,-8.740839011828436,https://epawebapp.epa.ie/Hydronet/#IE_WE_G_0008_1200_0001,https://epawebapp.epa.ie/Hydronet/output/internet/stations/CAS/IE_WE_G_0008_1200_0001/GWL/complete_daymean.zip,29.362
IE_WE_G_0019_2200_0002,BALLINROBE GWL,53.640701905450406,-9.214573567225797,https://epawebapp.epa.ie/Hydronet/#IE_WE_G_0019_2200_0002,https://epawebapp.epa.ie/Hydronet/output/internet/stations/CAS/IE_WE_G_0019_2200_0002/GWL/complete_daymean.zip,30.81
IE_WE_G_0019_2200_0016,Lisatava,53.65835993885907,-9.075223103260258,https://epawebapp.epa.ie/Hydronet/#IE_WE_G_0019_2200_0016,https://epawebapp.epa.ie/Hydronet/output/internet/stations/CAS/IE_WE_G_0019_2200_0016/GWL/complete_daymean.zip,51.268
IE_WE_G_0020_1200_0007,Corbally,53.396907063686385,-8.890991168306247,https://epawebapp.epa.ie/Hydronet/#IE_WE_G_0020_1200_0007,https://epawebapp.epa.ie/Hydronet/output/internet/stations/CAS/IE_WE_G_0020_1200_0007/GWL/complete_daymean.zip,35.209
IE_WE_G_0020_1200_0021,LACKAGH,53.37021538021349,-8.890524451179672,https://epawebapp.epa.ie/Hydronet/#IE_WE_G_0020_1200_0021,https://epawebapp.epa.ie/Hydronet/output/internet/stations/CAS/IE_WE_G_0020_1200_0021/GWL/complete_daymean.zip,44.127
IE_WE_G_0020_2200_0018,SHRULE GWL,53.52138410651623,-9.088925650465168,https://epawebapp.epa.ie/Hydronet/#IE_WE_G_0020_2200_0018,https://epawebapp.epa.ie/Hydronet/output/internet/stations/CAS/IE_WE_G_0020_2200_0018/GWL/complete_daymean.zip,35.475
IE_WE_G_0033_2200_0017,Mayo Abbey,53.77312911430385,-9.129419323823107,https://epawebapp.epa.ie/Hydronet/#IE_WE_G_0033_2200_0017,https://epawebapp.epa.ie/Hydronet/output/internet/stations/CAS/IE_WE_G_0033_2200_0017/GWL/complete_daymean.zip,38.885
IE_WE_G_0046_2200_0003,Ballycastle GWL,54.305529359221104,-9.353198912060046,https://epawebapp.epa.ie/Hydronet/#IE_WE_G_0046_2200_0003,https://epawebapp.epa.ie/Hydronet/output/internet/stations/CAS/IE_WE_G_0046_2200_0003/GWL/complete_daymean.zip,15.344
IE_WE_G_0047_2200_0014,KILLALA,54.20990535108727,-9.223191619678376,https://epawebapp.epa.ie/Hydronet/#IE_WE_G_0047_2200_0014,https://epawebapp.epa.ie/Hydronet/output/internet/stations/CAS/IE_WE_G_0047_2200_0014/GWL/complete_daymean.zip,9.004
IE_WE_G_0057_2200_0021,GC1 Shallow,54.17856422034288,-9.89649540027922,https://epawebapp.epa.ie/Hydronet/#IE_WE_G_0057_2200_0021,https://epawebapp.epa.ie/Hydronet/output/internet/stations/CAS/IE_WE_G_0057_2200_0021/GWL/complete_daymean.zip,65.128
IE_WE_G_0057_2200_0023,GC1 Deep,54.17859091575162,-9.896511939123027,https://epawebapp.epa.ie/Hydronet/#IE_WE_G_0057_2200_0023,https://epawebapp.epa.ie/Hydronet/output/internet/stations/CAS/IE_WE_G_0057_2200_0023/GWL/complete_daymean.zip,64.855
